{"mean":{"confidence_interval":{"confidence_level":0.99,"lower_bound":0.005770475662123203,"upper_bound":0.018710637112309258},"point_estimate":0.01294069061076164,"standard_error":0.0024827986517098693},"median":{"confidence_interval":{"confidence_level":0.99,"lower_bound":0.011687233280231054,"upper_bound":0.017366242012362143},"point_estimate":0.014899371257816263,"standard_error":0.0010985358024511926}}