{"mean":{"confidence_interval":{"confidence_level":0.99,"lower_bound":-0.02884417126892258,"upper_bound":0.00009954154205745245},"point_estimate":-0.013413590998636149,"standard_error":0.005544108842444117},"median":{"confidence_interval":{"confidence_level":0.99,"lower_bound":-0.015070158953485513,"upper_bound":-0.0015295368751038207},"point_estimate":-0.008062785320513743,"standard_error":0.002785129924354767}}