{"mean":{"confidence_interval":{"confidence_level":0.99,"lower_bound":-0.039617366754766244,"upper_bound":-0.021590639536935605},"point_estimate":-0.03052854893209378,"standard_error":0.0034406605429202217},"median":{"confidence_interval":{"confidence_level":0.99,"lower_bound":-0.03366743394055749,"upper_bound":-0.024112909465053844},"point_estimate":-0.02882921988749987,"standard_error":0.0016285865613685825}}