{"mean":{"confidence_interval":{"confidence_level":0.99,"lower_bound":0.0014392741940002416,"upper_bound":0.017947085893102146},"point_estimate":0.009939163870766432,"standard_error":0.0031082283505239287},"median":{"confidence_interval":{"confidence_level":0.99,"lower_bound":0.009682944685215134,"upper_bound":0.01552545659320182},"point_estimate":0.012221658469875996,"standard_error":0.0011976252855929743}}