{"mean":{"confidence_interval":{"confidence_level":0.99,"lower_bound":-0.24069533398300658,"upper_bound":-0.23136343757258032},"point_estimate":-0.23617124328164107,"standard_error":0.0018074264309142067},"median":{"confidence_interval":{"confidence_level":0.99,"lower_bound":-0.2413881384659976,"upper_bound":-0.23346929655505722},"point_estimate":-0.23673609619730962,"standard_error":0.0015737964942934926}}