{"mean":{"confidence_interval":{"confidence_level":0.99,"lower_bound":-0.07798582622898713,"upper_bound":-0.057005151046673905},"point_estimate":-0.06777465826340912,"standard_error":0.004021049385215138},"median":{"confidence_interval":{"confidence_level":0.99,"lower_bound":-0.08470099377873985,"upper_bound":-0.050736942454660344},"point_estimate":-0.07151832190555796,"standard_error":0.005688737008980386}}