{"mean":{"confidence_interval":{"confidence_level":0.99,"lower_bound":-0.40794724249427383,"upper_bound":-0.40360842532343855},"point_estimate":-0.4052497089880299,"standard_error":0.0008563726854380235},"median":{"confidence_interval":{"confidence_level":0.99,"lower_bound":-0.40482631014969817,"upper_bound":-0.4027764190365405},"point_estimate":-0.40378497223848764,"standard_error":0.0003883586893899403}}