{"mean":{"confidence_interval":{"confidence_level":0.99,"lower_bound":50214.32095670041,"upper_bound":51112.85706708929},"point_estimate":50659.184428592846,"standard_error":174.49608525029518},"median":{"confidence_interval":{"confidence_level":0.99,"lower_bound":49564.714603409935,"upper_bound":51655.70175438596},"point_estimate":50067.591140973,"standard_error":507.2493217619014},"median_abs_dev":{"confidence_interval":{"confidence_level":0.99,"lower_bound":1435.3897671126304,"upper_bound":2705.245755429661},"point_estimate":2212.175008847237,"standard_error":256.9162271502807},"slope":{"confidence_interval":{"confidence_level":0.99,"lower_bound":49321.87074848526,"upper_bound":50100.66530419148},"point_estimate":49691.442417926,"standard_error":153.0427237891096},"std_dev":{"confidence_interval":{"confidence_level":0.99,"lower_bound":1526.6606885689969,"upper_bound":1953.2522313518286},"point_estimate":1755.903535410978,"standard_error":82.97720440987028}}