{"mean":{"confidence_interval":{"confidence_level":0.99,"lower_bound":92263.36489081469,"upper_bound":93125.91312095913},"point_estimate":92649.22920343195,"standard_error":167.77485266578867},"median":{"confidence_interval":{"confidence_level":0.99,"lower_bound":91765.39589442815,"upper_bound":92473.73737373737},"point_estimate":92078.88257575757,"standard_error":147.4091839865035},"median_abs_dev":{"confidence_interval":{"confidence_level":0.99,"lower_bound":534.9853920102355,"upper_bound":1393.200177166843},"point_estimate":925.3262824594541,"standard_error":194.35706253286642},"slope":{"confidence_interval":{"confidence_level":0.99,"lower_bound":91768.33764532772,"upper_bound":92339.85874934983},"point_estimate":92033.4629821191,"standard_error":111.6559446614205},"std_dev":{"confidence_interval":{"confidence_level":0.99,"lower_bound":1052.161398161482,"upper_bound":2470.4966183200904},"point_estimate":1685.7076801700052,"standard_error":309.82791628029486}}