{"mean":{"confidence_interval":{"confidence_level":0.99,"lower_bound":-0.06696751550939904,"upper_bound":-0.039581464552600656},"point_estimate":-0.05106406793606133,"standard_error":0.005377966980056472},"median":{"confidence_interval":{"confidence_level":0.99,"lower_bound":-0.04788950344962517,"upper_bound":-0.038337461382763394},"point_estimate":-0.04248969403982439,"standard_error":0.0018496436798786688}}