{"mean":{"confidence_interval":{"confidence_level":0.99,"lower_bound":3199.488260929524,"upper_bound":3236.390863483091},"point_estimate":3212.741982625637,"standard_error":7.400475431793268},"median":{"confidence_interval":{"confidence_level":0.99,"lower_bound":3196.6207708866414,"upper_bound":3210.6593978411347},"point_estimate":3202.7878305440145,"standard_error":2.216803840327214},"median_abs_dev":{"confidence_interval":{"confidence_level":0.99,"lower_bound":16.42298955340249,"upper_bound":36.10109149028928},"point_estimate":24.845537809766682,"standard_error":3.2218514960531306},"slope":{"confidence_interval":{"confidence_level":0.99,"lower_bound":3199.6459922331333,"upper_bound":3215.3054838546236},"point_estimate":3207.2534911420576,"standard_error":3.006086468319735},"std_dev":{"confidence_interval":{"confidence_level":0.99,"lower_bound":22.638695042815556,"upper_bound":138.35286529049418},"point_estimate":74.6918852510566,"standard_error":31.434387282081}}