{"mean":{"confidence_interval":{"confidence_level":0.99,"lower_bound":32683.581892780905,"upper_bound":32972.133078372346},"point_estimate":32802.358065876004,"standard_error":56.70275243607143},"median":{"confidence_interval":{"confidence_level":0.99,"lower_bound":32640.80901856764,"upper_bound":32816.77880571909},"point_estimate":32727.520407953445,"standard_error":30.057802103758437},"median_abs_dev":{"confidence_interval":{"confidence_level":0.99,"lower_bound":221.4764809651474,"upper_bound":423.5149954537591},"point_estimate":337.6949737207376,"standard_error":38.43219143245179},"slope":{"confidence_interval":{"confidence_level":0.99,"lower_bound":32587.417013218168,"upper_bound":32762.4475448984},"point_estimate":32670.38360603945,"standard_error":34.26780827980605},"std_dev":{"confidence_interval":{"confidence_level":0.99,"lower_bound":266.4379689219677,"upper_bound":965.9011813461271},"point_estimate":570.4948293943457,"standard_error":173.3553408562984}}