{"mean":{"confidence_interval":{"confidence_level":0.99,"lower_bound":26499.707248419898,"upper_bound":26713.921378340405},"point_estimate":26600.883337188265,"standard_error":41.33050035642852},"median":{"confidence_interval":{"confidence_level":0.99,"lower_bound":26526.60633484163,"upper_bound":26763.960656990068},"point_estimate":26586.81722689076,"standard_error":45.30025476379695},"median_abs_dev":{"confidence_interval":{"confidence_level":0.99,"lower_bound":235.89926916835384,"upper_bound":507.75260450467886},"point_estimate":407.7278605866931,"standard_error":54.558734905964876},"slope":{"confidence_interval":{"confidence_level":0.99,"lower_bound":26676.954433216462,"upper_bound":26827.099508350406},"point_estimate":26750.83214388164,"standard_error":28.854815923217096},"std_dev":{"confidence_interval":{"confidence_level":0.99,"lower_bound":304.8666428353804,"upper_bound":563.3994052126419},"point_estimate":413.3817746712685,"standard_error":54.87180632960722}}