{"mean":{"confidence_interval":{"confidence_level":0.99,"lower_bound":0.005165210583594926,"upper_bound":0.02527727688777402},"point_estimate":0.015292286074209738,"standard_error":0.003925062215782169},"median":{"confidence_interval":{"confidence_level":0.99,"lower_bound":-0.0006405665304298709,"upper_bound":0.025258035772034004},"point_estimate":0.011289991250118314,"standard_error":0.0047785261344444425}}