{"mean":{"confidence_interval":{"confidence_level":0.99,"lower_bound":-0.20635646513703512,"upper_bound":-0.16908444558414332},"point_estimate":-0.18452934595950532,"standard_error":0.007333235907006247},"median":{"confidence_interval":{"confidence_level":0.99,"lower_bound":-0.1850939234589486,"upper_bound":-0.16660565149188022},"point_estimate":-0.17895283596286127,"standard_error":0.003993324278867189}}