{"mean":{"confidence_interval":{"confidence_level":0.99,"lower_bound":0.017442571640661875,"upper_bound":0.03942146501212771},"point_estimate":0.029427143228933028,"standard_error":0.004295598190792403},"median":{"confidence_interval":{"confidence_level":0.99,"lower_bound":0.0225561087759503,"upper_bound":0.038969437657912775},"point_estimate":0.029355821946784877,"standard_error":0.002513099133629569}}