{"mean":{"confidence_interval":{"confidence_level":0.99,"lower_bound":0.009119711350336563,"upper_bound":0.02496645525133123},"point_estimate":0.015991696257224852,"standard_error":0.002915405197159846},"median":{"confidence_interval":{"confidence_level":0.99,"lower_bound":0.011456234229561345,"upper_bound":0.016895049709795273},"point_estimate":0.013646389232955913,"standard_error":0.0010154038289756843}}