{"mean":{"confidence_interval":{"confidence_level":0.99,"lower_bound":8751.520182824326,"upper_bound":8807.027028279535},"point_estimate":8775.803825346073,"standard_error":10.669990200470988},"median":{"confidence_interval":{"confidence_level":0.99,"lower_bound":8725.815965983951,"upper_bound":8781.893004115227},"point_estimate":8751.041555909978,"standard_error":10.078905672710748},"median_abs_dev":{"confidence_interval":{"confidence_level":0.99,"lower_bound":43.716043437954895,"upper_bound":95.34427103052063},"point_estimate":72.48088976952103,"standard_error":10.374691933938749},"slope":{"confidence_interval":{"confidence_level":0.99,"lower_bound":8723.062989558053,"upper_bound":8758.208022509796},"point_estimate":8738.7330434536,"standard_error":6.756301438209037},"std_dev":{"confidence_interval":{"confidence_level":0.99,"lower_bound":64.97298226933063,"upper_bound":163.83000375641004},"point_estimate":106.77616988194279,"standard_error":22.988071160062155}}