{"mean":{"confidence_interval":{"confidence_level":0.99,"lower_bound":-0.180052473934593,"upper_bound":-0.16123849957467928},"point_estimate":-0.17227864498562273,"standard_error":0.0039001902328817126},"median":{"confidence_interval":{"confidence_level":0.99,"lower_bound":-0.1821369828429017,"upper_bound":-0.1738623687037298},"point_estimate":-0.17825500346627987,"standard_error":0.0015398059083749965}}