{"mean":{"confidence_interval":{"confidence_level":0.99,"lower_bound":-0.0641171750939511,"upper_bound":-0.04673172860856767},"point_estimate":-0.056391358508881995,"standard_error":0.003347370872545046},"median":{"confidence_interval":{"confidence_level":0.99,"lower_bound":-0.06546075976120724,"upper_bound":-0.056334866284139196},"point_estimate":-0.061066080292668135,"standard_error":0.001977629349612355}}