{"mean":{"confidence_interval":{"confidence_level":0.99,"lower_bound":-0.5079840970703281,"upper_bound":-0.4932904417023933},"point_estimate":-0.5006797255392996,"standard_error":0.0028370289451413017},"median":{"confidence_interval":{"confidence_level":0.99,"lower_bound":-0.523629738930303,"upper_bound":-0.47680237655055047},"point_estimate":-0.48031219147348636,"standard_error":0.010977965405597171}}