{"mean":{"confidence_interval":{"confidence_level":0.99,"lower_bound":-0.171974204085543,"upper_bound":-0.15613822210601844},"point_estimate":-0.16365448736019117,"standard_error":0.0029778296205479125},"median":{"confidence_interval":{"confidence_level":0.99,"lower_bound":-0.17019337042843574,"upper_bound":-0.1586376025561227},"point_estimate":-0.16420133481913912,"standard_error":0.002194552189999589}}