{"mean":{"confidence_interval":{"confidence_level":0.99,"lower_bound":14991.591067232706,"upper_bound":15617.144760719608},"point_estimate":15197.765054425314,"standard_error":130.20023433069522},"median":{"confidence_interval":{"confidence_level":0.99,"lower_bound":14955.613330900687,"upper_bound":15048.48171152519},"point_estimate":15000.519515374588,"standard_error":19.734731184047767},"median_abs_dev":{"confidence_interval":{"confidence_level":0.99,"lower_bound":104.61434426071159,"upper_bound":215.26579343563765},"point_estimate":147.66548911053684,"standard_error":21.176971565956958},"slope":{"confidence_interval":{"confidence_level":0.99,"lower_bound":14936.417881284362,"upper_bound":15006.14188594284},"point_estimate":14971.019386800088,"standard_error":13.55491728377044},"std_dev":{"confidence_interval":{"confidence_level":0.99,"lower_bound":147.34923638344713,"upper_bound":2487.550744816547},"point_estimate":1316.3899732669302,"standard_error":612.8369952742888}}