{"mean":{"confidence_interval":{"confidence_level":0.99,"lower_bound":-0.00958901695981023,"upper_bound":0.0013896725838172708},"point_estimate":-0.004137426438802216,"standard_error":0.0021272303286277035},"median":{"confidence_interval":{"confidence_level":0.99,"lower_bound":-0.015922677244538774,"upper_bound":-0.000792479265346297},"point_estimate":-0.010351371042945923,"standard_error":0.002876338338651695}}