{"mean":{"confidence_interval":{"confidence_level":0.99,"lower_bound":0.007685190283629328,"upper_bound":0.040355884166483426},"point_estimate":0.019866697661640842,"standard_error":0.006081840070097678},"median":{"confidence_interval":{"confidence_level":0.99,"lower_bound":0.013818275658530332,"upper_bound":0.019359364784796926},"point_estimate":0.01691302897287872,"standard_error":0.0010074412478588489}}