{"mean":{"confidence_interval":{"confidence_level":0.99,"lower_bound":-0.3858454138760783,"upper_bound":-0.3689073849042097},"point_estimate":-0.37858995860457,"standard_error":0.003287273106477486},"median":{"confidence_interval":{"confidence_level":0.99,"lower_bound":-0.39088657987697134,"upper_bound":-0.3716573668341171},"point_estimate":-0.38245980075260533,"standard_error":0.003664983085246347}}