{"mean":{"confidence_interval":{"confidence_level":0.99,"lower_bound":44048.16389711849,"upper_bound":45199.8983529729},"point_estimate":44398.02880916303,"standard_error":249.0331815522441},"median":{"confidence_interval":{"confidence_level":0.99,"lower_bound":43958.12819203269,"upper_bound":44196.43861293346},"point_estimate":44064.68683932346,"standard_error":59.37595020204222},"median_abs_dev":{"confidence_interval":{"confidence_level":0.99,"lower_bound":232.6002022646091,"upper_bound":449.0221738235511},"point_estimate":345.8907776690667,"standard_error":41.26081134232416},"slope":{"confidence_interval":{"confidence_level":0.99,"lower_bound":44043.78526824255,"upper_bound":44268.11935798906},"point_estimate":44147.724102260974,"standard_error":43.10320475295076},"std_dev":{"confidence_interval":{"confidence_level":0.99,"lower_bound":305.13597467919607,"upper_bound":4867.022447960758},"point_estimate":2508.220703894374,"standard_error":1328.4162707189423}}