{"mean":{"confidence_interval":{"confidence_level":0.99,"lower_bound":0.008880368802272541,"upper_bound":0.02437475614478066},"point_estimate":0.016463020742437662,"standard_error":0.0028432564333572656},"median":{"confidence_interval":{"confidence_level":0.99,"lower_bound":0.0152683013488506,"upper_bound":0.018557455872050044},"point_estimate":0.01682390223422625,"standard_error":0.0006398049462217652}}