{"mean":{"confidence_interval":{"confidence_level":0.99,"lower_bound":-0.23368894857935668,"upper_bound":-0.22440455599998732},"point_estimate":-0.22847154969720107,"standard_error":0.0017932871256313258},"median":{"confidence_interval":{"confidence_level":0.99,"lower_bound":-0.2320108133656037,"upper_bound":-0.2255450657558148},"point_estimate":-0.22838992001754432,"standard_error":0.001204552627244452}}