{"mean":{"confidence_interval":{"confidence_level":0.99,"lower_bound":-0.04993060461331036,"upper_bound":0.0036674705023437833},"point_estimate":-0.028850019679752315,"standard_error":0.009988407306673332},"median":{"confidence_interval":{"confidence_level":0.99,"lower_bound":-0.04506221115655716,"upper_bound":-0.02433591023557764},"point_estimate":-0.029460338129741026,"standard_error":0.0047333943456743105}}