{"mean":{"confidence_interval":{"confidence_level":0.99,"lower_bound":-0.3167365731937059,"upper_bound":-0.3018768725559687},"point_estimate":-0.30945750973523833,"standard_error":0.002898390641982713},"median":{"confidence_interval":{"confidence_level":0.99,"lower_bound":-0.31522382430011264,"upper_bound":-0.2953531792059153},"point_estimate":-0.3077351930315536,"standard_error":0.003262949524354286}}