{"mean":{"confidence_interval":{"confidence_level":0.99,"lower_bound":-0.3504737001315858,"upper_bound":-0.33836186914208616},"point_estimate":-0.34464356153941467,"standard_error":0.002345005454879665},"median":{"confidence_interval":{"confidence_level":0.99,"lower_bound":-0.35636385320404984,"upper_bound":-0.33798724367344113},"point_estimate":-0.3504741226475939,"standard_error":0.004185764475220343}}