{"mean":{"confidence_interval":{"confidence_level":0.99,"lower_bound":0.03148244929336135,"upper_bound":0.04849750616076516},"point_estimate":0.04014242847151506,"standard_error":0.003144375628115313},"median":{"confidence_interval":{"confidence_level":0.99,"lower_bound":0.03279590375677377,"upper_bound":0.04723839189129273},"point_estimate":0.04105930162823035,"standard_error":0.0025363874619021304}}