{"mean":{"confidence_interval":{"confidence_level":0.99,"lower_bound":-0.23937558940290715,"upper_bound":-0.22394031878912635},"point_estimate":-0.23314159847334814,"standard_error":0.00318238015280611},"median":{"confidence_interval":{"confidence_level":0.99,"lower_bound":-0.24256235297979756,"upper_bound":-0.23445543077972725},"point_estimate":-0.23893084459609593,"standard_error":0.0014940129368992178}}