{"mean":{"confidence_interval":{"confidence_level":0.99,"lower_bound":0.012709734794875312,"upper_bound":0.025719061686871218},"point_estimate":0.01794864008477326,"standard_error":0.0026238179112537284},"median":{"confidence_interval":{"confidence_level":0.99,"lower_bound":0.011497221626161496,"upper_bound":0.019017036372081852},"point_estimate":0.015678462437488383,"standard_error":0.0015093091694520632}}