{"mean":{"confidence_interval":{"confidence_level":0.99,"lower_bound":-0.17799064717087917,"upper_bound":-0.16611676448415053},"point_estimate":-0.17236507237173215,"standard_error":0.00219549639992733},"median":{"confidence_interval":{"confidence_level":0.99,"lower_bound":-0.17602916429445226,"upper_bound":-0.1685722269317763},"point_estimate":-0.17163576570638006,"standard_error":0.0015436544270770987}}