{"mean":{"confidence_interval":{"confidence_level":0.99,"lower_bound":-0.11222066291125056,"upper_bound":-0.09666349562152161},"point_estimate":-0.10446267213906246,"standard_error":0.0029899505043455635},"median":{"confidence_interval":{"confidence_level":0.99,"lower_bound":-0.11213533729347538,"upper_bound":-0.09924550793199897},"point_estimate":-0.10421161793237022,"standard_error":0.0018843779748996773}}