{"mean":{"confidence_interval":{"confidence_level":0.99,"lower_bound":-0.08050783153599471,"upper_bound":-0.057956110255219934},"point_estimate":-0.06854759051394754,"standard_error":0.004386551228005081},"median":{"confidence_interval":{"confidence_level":0.99,"lower_bound":-0.07835779105215239,"upper_bound":-0.04755897530488599},"point_estimate":-0.0616440346571927,"standard_error":0.005408306615817188}}