{"mean":{"confidence_interval":{"confidence_level":0.99,"lower_bound":4048.0292628651146,"upper_bound":4089.420374928043},"point_estimate":4066.5170593285584,"standard_error":7.937075639948802},"median":{"confidence_interval":{"confidence_level":0.99,"lower_bound":4035.890160183066,"upper_bound":4056.4347826086955},"point_estimate":4044.947204968944,"standard_error":3.595513000445975},"median_abs_dev":{"confidence_interval":{"confidence_level":0.99,"lower_bound":27.79679679234952,"upper_bound":65.09864620765507},"point_estimate":45.16344645716744,"standard_error":7.385490942228221},"slope":{"confidence_interval":{"confidence_level":0.99,"lower_bound":4035.01232676093,"upper_bound":4052.4889326486395},"point_estimate":4043.5088209404976,"standard_error":3.4301536379031403},"std_dev":{"confidence_interval":{"confidence_level":0.99,"lower_bound":47.97485766954242,"upper_bound":118.06016738168769},"point_estimate":79.12183708880303,"standard_error":15.153692716574392}}