{"mean":{"confidence_interval":{"confidence_level":0.99,"lower_bound":-0.23148201199519539,"upper_bound":-0.21877160526794903},"point_estimate":-0.2261018937950786,"standard_error":0.0023256569379985445},"median":{"confidence_interval":{"confidence_level":0.99,"lower_bound":-0.23033186861721366,"upper_bound":-0.22432598668407633},"point_estimate":-0.22666543923910798,"standard_error":0.001224392331276712}}