{"mean":{"confidence_interval":{"confidence_level":0.99,"lower_bound":-0.3703099020526558,"upper_bound":-0.36262546649816396},"point_estimate":-0.36708826553375296,"standard_error":0.0014817095053096109},"median":{"confidence_interval":{"confidence_level":0.99,"lower_bound":-0.3681098861207207,"upper_bound":-0.3642660617494713},"point_estimate":-0.3658545584626267,"standard_error":0.0008270738215717388}}