{"mean":{"confidence_interval":{"confidence_level":0.99,"lower_bound":-0.19634396736456286,"upper_bound":-0.18180099017599463},"point_estimate":-0.1887870898379248,"standard_error":0.0027674057832548066},"median":{"confidence_interval":{"confidence_level":0.99,"lower_bound":-0.1915866649810407,"upper_bound":-0.1835068303472518},"point_estimate":-0.18703831134493776,"standard_error":0.0015185148969511038}}