{"mean":{"confidence_interval":{"confidence_level":0.99,"lower_bound":0.006707167019556988,"upper_bound":0.012879636373969336},"point_estimate":0.009520897920950011,"standard_error":0.0011119257352249707},"median":{"confidence_interval":{"confidence_level":0.99,"lower_bound":0.006289656246220465,"upper_bound":0.011988225690769605},"point_estimate":0.00839489898058532,"standard_error":0.0010801533675818301}}