{"mean":{"confidence_interval":{"confidence_level":0.99,"lower_bound":-0.26530282097811,"upper_bound":-0.23082835451120165},"point_estimate":-0.24382477674957148,"standard_error":0.006855142150721807},"median":{"confidence_interval":{"confidence_level":0.99,"lower_bound":-0.24136482038935125,"upper_bound":-0.2344520868703018},"point_estimate":-0.23806663052201593,"standard_error":0.0013462207102994401}}