{"mean":{"confidence_interval":{"confidence_level":0.99,"lower_bound":-0.4186058582411357,"upper_bound":-0.41062802162910544},"point_estimate":-0.41500914091176033,"standard_error":0.0014841434546579726},"median":{"confidence_interval":{"confidence_level":0.99,"lower_bound":-0.4162799321878405,"upper_bound":-0.41283247415440094},"point_estimate":-0.41469156878961166,"standard_error":0.0006897164964561903}}