{"mean":{"confidence_interval":{"confidence_level":0.99,"lower_bound":0.0009859314610723906,"upper_bound":0.010968743353045967},"point_estimate":0.006116895753565554,"standard_error":0.001907705880806305},"median":{"confidence_interval":{"confidence_level":0.99,"lower_bound":0.0038227859879320404,"upper_bound":0.008449797819782834},"point_estimate":0.006072482365400145,"standard_error":0.0008719490457820559}}