{"mean":{"confidence_interval":{"confidence_level":0.99,"lower_bound":13665.269492980586,"upper_bound":13888.651928654284},"point_estimate":13753.264278513405,"standard_error":44.0340366641369},"median":{"confidence_interval":{"confidence_level":0.99,"lower_bound":13614.41154881331,"upper_bound":13720.729684908789},"point_estimate":13667.742986872865,"standard_error":24.817048633172636},"median_abs_dev":{"confidence_interval":{"confidence_level":0.99,"lower_bound":104.2242737676092,"upper_bound":211.8705592902649},"point_estimate":154.16235198478878,"standard_error":21.043783383983833},"slope":{"confidence_interval":{"confidence_level":0.99,"lower_bound":13660.418543152451,"upper_bound":13841.107315160705},"point_estimate":13740.362814272072,"standard_error":35.02305295354245},"std_dev":{"confidence_interval":{"confidence_level":0.99,"lower_bound":171.25813100926933,"upper_bound":755.7093608448769},"point_estimate":441.9221528374327,"standard_error":137.55040399193942}}