{"mean":{"confidence_interval":{"confidence_level":0.99,"lower_bound":-0.04221977269536299,"upper_bound":-0.030084200680849535},"point_estimate":-0.03558377261884671,"standard_error":0.0023654314472408276},"median":{"confidence_interval":{"confidence_level":0.99,"lower_bound":-0.041355105456129686,"upper_bound":-0.023745993781171065},"point_estimate":-0.03084094654807179,"standard_error":0.0036472243414609547}}