{"mean":{"confidence_interval":{"confidence_level":0.99,"lower_bound":-0.3313035282077226,"upper_bound":-0.321464985980639},"point_estimate":-0.326346630657651,"standard_error":0.0018911097079231409},"median":{"confidence_interval":{"confidence_level":0.99,"lower_bound":-0.33414144833286047,"upper_bound":-0.3268382511724115},"point_estimate":-0.33044794962679647,"standard_error":0.001451066887398982}}