{"mean":{"confidence_interval":{"confidence_level":0.99,"lower_bound":-0.09431864693775416,"upper_bound":-0.0807216001503006},"point_estimate":-0.0865423125276501,"standard_error":0.0026186218933781495},"median":{"confidence_interval":{"confidence_level":0.99,"lower_bound":-0.08710751236680868,"upper_bound":-0.08137241699516896},"point_estimate":-0.08512452049217556,"standard_error":0.0011083726395869336}}