{"mean":{"confidence_interval":{"confidence_level":0.99,"lower_bound":62412.40164362998,"upper_bound":62786.05165398799},"point_estimate":62598.1425996677,"standard_error":72.51539433345032},"median":{"confidence_interval":{"confidence_level":0.99,"lower_bound":62347.9374201788,"upper_bound":62820.0},"point_estimate":62620.48878205128,"standard_error":92.4516827289135},"median_abs_dev":{"confidence_interval":{"confidence_level":0.99,"lower_bound":528.3558353596242,"upper_bound":1069.5570048360191},"point_estimate":842.0386065197566,"standard_error":106.12271715064574},"slope":{"confidence_interval":{"confidence_level":0.99,"lower_bound":61990.26483353802,"upper_bound":62425.56094490585},"point_estimate":62201.23718043446,"standard_error":84.89515809506837},"std_dev":{"confidence_interval":{"confidence_level":0.99,"lower_bound":617.2865504730877,"upper_bound":832.8637366304381},"point_estimate":731.866745782602,"standard_error":41.859717849724994}}