{"mean":{"confidence_interval":{"confidence_level":0.99,"lower_bound":-0.039460383069209515,"upper_bound":-0.021530204735249137},"point_estimate":-0.03075878392981779,"standard_error":0.0033794297937344785},"median":{"confidence_interval":{"confidence_level":0.99,"lower_bound":-0.03824054716169056,"upper_bound":-0.02799438364301358},"point_estimate":-0.033473955178426884,"standard_error":0.0018659415102853158}}