{"mean":{"confidence_interval":{"confidence_level":0.99,"lower_bound":-0.02211449882754972,"upper_bound":-0.006076591701552988},"point_estimate":-0.014048071543661611,"standard_error":0.0030679226104159984},"median":{"confidence_interval":{"confidence_level":0.99,"lower_bound":-0.02291152054012835,"upper_bound":0.0010675596647353736},"point_estimate":-0.015318412723906438,"standard_error":0.005156011100919156}}