{"mean":{"confidence_interval":{"confidence_level":0.99,"lower_bound":-0.24253253894155125,"upper_bound":-0.2200228701928531},"point_estimate":-0.23076103920555635,"standard_error":0.004345328990498917},"median":{"confidence_interval":{"confidence_level":0.99,"lower_bound":-0.23835405569019097,"upper_bound":-0.2060423987911918},"point_estimate":-0.21725085011166534,"standard_error":0.007430406419869755}}