{"mean":{"confidence_interval":{"confidence_level":0.99,"lower_bound":53291.66023002572,"upper_bound":53496.960110586755},"point_estimate":53390.22756145811,"standard_error":39.98188174462509},"median":{"confidence_interval":{"confidence_level":0.99,"lower_bound":53141.470588235294,"upper_bound":53443.16274576885},"point_estimate":53220.83517617574,"standard_error":47.21829329352551},"median_abs_dev":{"confidence_interval":{"confidence_level":0.99,"lower_bound":167.96733481489264,"upper_bound":504.62127780589014},"point_estimate":300.7232274421021,"standard_error":69.468672509744},"slope":{"confidence_interval":{"confidence_level":0.99,"lower_bound":53399.73347470223,"upper_bound":53715.4656342807},"point_estimate":53564.403619642035,"standard_error":61.225929043708},"std_dev":{"confidence_interval":{"confidence_level":0.99,"lower_bound":322.1515374496455,"upper_bound":477.30946966154687},"point_estimate":401.9138991268362,"standard_error":30.154713593303708}}