{"mean":{"confidence_interval":{"confidence_level":0.99,"lower_bound":0.015171514451969011,"upper_bound":0.04163854295823732},"point_estimate":0.02387674891666247,"standard_error":0.0058021019883614505},"median":{"confidence_interval":{"confidence_level":0.99,"lower_bound":0.012612825854348753,"upper_bound":0.020643468889376626},"point_estimate":0.01579395202689904,"standard_error":0.0016717499791327865}}