{"mean":{"confidence_interval":{"confidence_level":0.99,"lower_bound":-0.009548536696036187,"upper_bound":0.00038807839904447415},"point_estimate":-0.0035484028898681297,"standard_error":0.0019329522754398588},"median":{"confidence_interval":{"confidence_level":0.99,"lower_bound":-0.00490008203505965,"upper_bound":0.0016178444327601404},"point_estimate":-0.0013672961795844207,"standard_error":0.0012548846092427005}}