{"mean":{"confidence_interval":{"confidence_level":0.99,"lower_bound":-0.005510800887196108,"upper_bound":0.00615567740483058},"point_estimate":0.00046575983853403,"standard_error":0.00225309596906097},"median":{"confidence_interval":{"confidence_level":0.99,"lower_bound":-0.002920890515585528,"upper_bound":0.0037949459543102867},"point_estimate":0.000680616734200612,"standard_error":0.0011819736783746572}}