{"mean":{"confidence_interval":{"confidence_level":0.99,"lower_bound":-0.08309930188987812,"upper_bound":-0.07005715775014461},"point_estimate":-0.07602861444365694,"standard_error":0.002492351131094462},"median":{"confidence_interval":{"confidence_level":0.99,"lower_bound":-0.07868705779872413,"upper_bound":-0.07367307841813941},"point_estimate":-0.07664331457779183,"standard_error":0.001056144047230734}}