{"mean":{"confidence_interval":{"confidence_level":0.99,"lower_bound":-0.28721440760422434,"upper_bound":-0.27246086562507205},"point_estimate":-0.27976585033538803,"standard_error":0.002862784268152978},"median":{"confidence_interval":{"confidence_level":0.99,"lower_bound":-0.2880420099698033,"upper_bound":-0.25937598053210903},"point_estimate":-0.26462574844569053,"standard_error":0.0036380349507182026}}