{"mean":{"confidence_interval":{"confidence_level":0.99,"lower_bound":-0.16154517968066212,"upper_bound":-0.1461177459031685},"point_estimate":-0.1534327916382826,"standard_error":0.0029883867818072556},"median":{"confidence_interval":{"confidence_level":0.99,"lower_bound":-0.16606976415533575,"upper_bound":-0.14984385259318433},"point_estimate":-0.16037189903786253,"standard_error":0.0032777856119084237}}