{"mean":{"confidence_interval":{"confidence_level":0.99,"lower_bound":-0.23245207602114284,"upper_bound":-0.22304077106556655},"point_estimate":-0.227617081772147,"standard_error":0.0018333581567276027},"median":{"confidence_interval":{"confidence_level":0.99,"lower_bound":-0.2303636238050204,"upper_bound":-0.22129656139085363},"point_estimate":-0.2261255204015592,"standard_error":0.001856344995461983}}