{"mean":{"confidence_interval":{"confidence_level":0.99,"lower_bound":-0.027105735334824615,"upper_bound":-0.01459921011270028},"point_estimate":-0.02057127117636881,"standard_error":0.002418571030018757},"median":{"confidence_interval":{"confidence_level":0.99,"lower_bound":-0.0280875490196148,"upper_bound":-0.014344810458977297},"point_estimate":-0.018656919454116072,"standard_error":0.00240912872956624}}