{"mean":{"confidence_interval":{"confidence_level":0.99,"lower_bound":77904.35910015726,"upper_bound":78168.72592420893},"point_estimate":78025.093923752,"standard_error":51.321197098269884},"median":{"confidence_interval":{"confidence_level":0.99,"lower_bound":77821.53846153847,"upper_bound":78019.23076923077},"point_estimate":77943.49036173976,"standard_error":45.97471522866501},"median_abs_dev":{"confidence_interval":{"confidence_level":0.99,"lower_bound":190.1418051500111,"upper_bound":361.5547743347793},"point_estimate":252.74797360797874,"standard_error":35.18232179300589},"slope":{"confidence_interval":{"confidence_level":0.99,"lower_bound":77787.00719151508,"upper_bound":77954.16284873459},"point_estimate":77866.59308181105,"standard_error":32.39164746131527},"std_dev":{"confidence_interval":{"confidence_level":0.99,"lower_bound":311.881927483251,"upper_bound":698.6396348522004},"point_estimate":515.8719135303675,"standard_error":76.48040707712532}}