{"mean":{"confidence_interval":{"confidence_level":0.99,"lower_bound":-0.22909444442156618,"upper_bound":-0.21594120839919023},"point_estimate":-0.22267816177575328,"standard_error":0.002553920677835138},"median":{"confidence_interval":{"confidence_level":0.99,"lower_bound":-0.23561552508214215,"upper_bound":-0.21144916301598582},"point_estimate":-0.2264363728830222,"standard_error":0.004089746458008461}}