{"mean":{"confidence_interval":{"confidence_level":0.99,"lower_bound":-0.007453166256703866,"upper_bound":0.022269425003106136},"point_estimate":0.004973320255317271,"standard_error":0.005140559572713077},"median":{"confidence_interval":{"confidence_level":0.99,"lower_bound":0.0013210754150248776,"upper_bound":0.007337814946835275},"point_estimate":0.00385258547320233,"standard_error":0.00116339323891776}}