{"mean":{"confidence_interval":{"confidence_level":0.99,"lower_bound":-0.4920609640347176,"upper_bound":-0.467854173665243},"point_estimate":-0.4799190970763948,"standard_error":0.0046766127691495445},"median":{"confidence_interval":{"confidence_level":0.99,"lower_bound":-0.4603653779901079,"upper_bound":-0.45421834893198026},"point_estimate":-0.4558007620309852,"standard_error":0.0012727695064005948}}