{"mean":{"confidence_interval":{"confidence_level":0.99,"lower_bound":-0.2421687872494511,"upper_bound":-0.2226181429717229},"point_estimate":-0.23228197958734853,"standard_error":0.00357697021655997},"median":{"confidence_interval":{"confidence_level":0.99,"lower_bound":-0.2476873902623885,"upper_bound":-0.21878760357567317},"point_estimate":-0.22888365009242384,"standard_error":0.0047621951886634905}}