{"mean":{"confidence_interval":{"confidence_level":0.99,"lower_bound":-0.39944865878611757,"upper_bound":-0.39028585739581007},"point_estimate":-0.3936488486670917,"standard_error":0.0018228656538197903},"median":{"confidence_interval":{"confidence_level":0.99,"lower_bound":-0.39366694523403944,"upper_bound":-0.39106446747525864},"point_estimate":-0.39235534211295664,"standard_error":0.0005128781656847964}}