{"mean":{"confidence_interval":{"confidence_level":0.99,"lower_bound":-0.08150391328289755,"upper_bound":-0.07376850554530114},"point_estimate":-0.07722687682225515,"standard_error":0.0014598642801367451},"median":{"confidence_interval":{"confidence_level":0.99,"lower_bound":-0.08120490931351865,"upper_bound":-0.07159333806491919},"point_estimate":-0.07572042793597977,"standard_error":0.0014485528302799052}}