{"mean":{"confidence_interval":{"confidence_level":0.99,"lower_bound":-0.32905746780827444,"upper_bound":-0.2959831672137747},"point_estimate":-0.3119546921290689,"standard_error":0.0064696790098698175},"median":{"confidence_interval":{"confidence_level":0.99,"lower_bound":-0.2896676160198287,"upper_bound":-0.28142015959014344},"point_estimate":-0.28508809503095145,"standard_error":0.0016573032120634082}}