{"mean":{"confidence_interval":{"confidence_level":0.99,"lower_bound":21335.599804318972,"upper_bound":21960.10061981501},"point_estimate":21629.523318061125,"standard_error":121.0256226121285},"median":{"confidence_interval":{"confidence_level":0.99,"lower_bound":21012.22891566265,"upper_bound":21787.0},"point_estimate":21379.6768707483,"standard_error":143.22559553590057},"median_abs_dev":{"confidence_interval":{"confidence_level":0.99,"lower_bound":765.1776495732763,"upper_bound":1563.448173620238},"point_estimate":1169.3428740418155,"standard_error":151.6756189560518},"slope":{"confidence_interval":{"confidence_level":0.99,"lower_bound":20707.249923389332,"upper_bound":21059.93602214039},"point_estimate":20859.297672528446,"standard_error":68.32138672402662},"std_dev":{"confidence_interval":{"confidence_level":0.99,"lower_bound":880.3811137621169,"upper_bound":1604.0837424868525},"point_estimate":1223.0169800567667,"standard_error":150.14077649617226}}