{"mean":{"confidence_interval":{"confidence_level":0.99,"lower_bound":-0.4066180137935609,"upper_bound":-0.3988528112221661},"point_estimate":-0.40360192816560103,"standard_error":0.001657850937692794},"median":{"confidence_interval":{"confidence_level":0.99,"lower_bound":-0.40642439414978704,"upper_bound":-0.4033269455559259},"point_estimate":-0.40508889067311815,"standard_error":0.0006267221059216742}}