{"mean":{"confidence_interval":{"confidence_level":0.99,"lower_bound":16741.7150528674,"upper_bound":17185.932020906195},"point_estimate":16950.826182284785,"standard_error":86.70509814013465},"median":{"confidence_interval":{"confidence_level":0.99,"lower_bound":16499.3,"upper_bound":16698.972972972973},"point_estimate":16576.0625,"standard_error":37.41131777551917},"median_abs_dev":{"confidence_interval":{"confidence_level":0.99,"lower_bound":193.4564658300757,"upper_bound":623.1836100937704},"point_estimate":340.6964481887177,"standard_error":74.82225380347325},"slope":{"confidence_interval":{"confidence_level":0.99,"lower_bound":16940.882821544023,"upper_bound":17705.01020851995},"point_estimate":17314.5429052756,"standard_error":148.5519690005552},"std_dev":{"confidence_interval":{"confidence_level":0.99,"lower_bound":629.9219065509463,"upper_bound":1081.9165789176186},"point_estimate":875.6800275592618,"standard_error":87.864282057613}}