{"mean":{"confidence_interval":{"confidence_level":0.99,"lower_bound":-0.05278787557640505,"upper_bound":-0.03846206503692841},"point_estimate":-0.04564356944801262,"standard_error":0.0028311639719266375},"median":{"confidence_interval":{"confidence_level":0.99,"lower_bound":-0.05717317419866885,"upper_bound":-0.042649808271164304},"point_estimate":-0.048493050229678425,"standard_error":0.0032040944861343457}}