{"mean":{"confidence_interval":{"confidence_level":0.99,"lower_bound":-0.005489206846413075,"upper_bound":0.028580198617505978},"point_estimate":0.011078910026750544,"standard_error":0.006480378506141277},"median":{"confidence_interval":{"confidence_level":0.99,"lower_bound":-0.015494505718586238,"upper_bound":0.021018718450152907},"point_estimate":0.0021626259803981807,"standard_error":0.006719937234620689}}