{"mean":{"confidence_interval":{"confidence_level":0.99,"lower_bound":-0.009394869807908008,"upper_bound":0.017094738812451885},"point_estimate":0.0022802583085186345,"standard_error":0.00483816695353523},"median":{"confidence_interval":{"confidence_level":0.99,"lower_bound":-0.01782891640270101,"upper_bound":-0.004077355843563022},"point_estimate":-0.011415111130386624,"standard_error":0.0026351825133048372}}