{"mean":{"confidence_interval":{"confidence_level":0.99,"lower_bound":-0.18146651981894832,"upper_bound":-0.16963009758790973},"point_estimate":-0.17526977994789894,"standard_error":0.0023146168190757693},"median":{"confidence_interval":{"confidence_level":0.99,"lower_bound":-0.1785035363911205,"upper_bound":-0.1658997289647346},"point_estimate":-0.17126091556505274,"standard_error":0.002392299675701756}}