{"mean":{"confidence_interval":{"confidence_level":0.99,"lower_bound":-0.2972469059094587,"upper_bound":-0.27384259793759724},"point_estimate":-0.2852781601933474,"standard_error":0.0045180348936228526},"median":{"confidence_interval":{"confidence_level":0.99,"lower_bound":-0.2811714212933094,"upper_bound":-0.2463963243553028},"point_estimate":-0.278197381861058,"standard_error":0.005648108877552124}}