{"mean":{"confidence_interval":{"confidence_level":0.99,"lower_bound":-0.09810467268197783,"upper_bound":-0.07704940680929469},"point_estimate":-0.08573113419104683,"standard_error":0.003982899437392979},"median":{"confidence_interval":{"confidence_level":0.99,"lower_bound":-0.08574957765281188,"upper_bound":-0.08080581073083071},"point_estimate":-0.0831399150494706,"standard_error":0.0009242296238099072}}