{"mean":{"confidence_interval":{"confidence_level":0.99,"lower_bound":-0.28646381618577205,"upper_bound":-0.2700046763890029},"point_estimate":-0.27966478526989014,"standard_error":0.003184594110760777},"median":{"confidence_interval":{"confidence_level":0.99,"lower_bound":-0.28626986127153586,"upper_bound":-0.28210078827451845},"point_estimate":-0.28394729541793173,"standard_error":0.0008511185474988785}}