{"mean":{"confidence_interval":{"confidence_level":0.99,"lower_bound":-0.28713460542594704,"upper_bound":-0.27316063656541845},"point_estimate":-0.2801200089331132,"standard_error":0.0027074981156112276},"median":{"confidence_interval":{"confidence_level":0.99,"lower_bound":-0.2986836522565102,"upper_bound":-0.26873711124229294},"point_estimate":-0.2764022164000216,"standard_error":0.00724375005432646}}