{"mean":{"confidence_interval":{"confidence_level":0.99,"lower_bound":-0.2801933213311591,"upper_bound":-0.26544334942998704},"point_estimate":-0.2726910500107884,"standard_error":0.002812166668334634},"median":{"confidence_interval":{"confidence_level":0.99,"lower_bound":-0.2791522437529165,"upper_bound":-0.26415457256175345},"point_estimate":-0.26780718788537095,"standard_error":0.0039026347806902094}}