{"mean":{"confidence_interval":{"confidence_level":0.99,"lower_bound":-0.004180238105883967,"upper_bound":0.011679279315503667},"point_estimate":0.0026299022939486605,"standard_error":0.0029068926177970326},"median":{"confidence_interval":{"confidence_level":0.99,"lower_bound":-0.0018271441603122662,"upper_bound":0.0032879707067282934},"point_estimate":0.0008496618945976753,"standard_error":0.00098227621520701}}