{"mean":{"confidence_interval":{"confidence_level":0.99,"lower_bound":-0.2872820692797158,"upper_bound":-0.27647442679811823},"point_estimate":-0.2819177762757653,"standard_error":0.002059964062823257},"median":{"confidence_interval":{"confidence_level":0.99,"lower_bound":-0.28783931369369964,"upper_bound":-0.27511925511420965},"point_estimate":-0.28144341016883023,"standard_error":0.0026637795148633813}}