{"mean":{"confidence_interval":{"confidence_level":0.99,"lower_bound":-0.2143168274980631,"upper_bound":-0.19851534234146567},"point_estimate":-0.2064496335611803,"standard_error":0.0030633629993390217},"median":{"confidence_interval":{"confidence_level":0.99,"lower_bound":-0.22042777566217597,"upper_bound":-0.19444408237558386},"point_estimate":-0.20261684526173995,"standard_error":0.004764809573314999}}