{"mean":{"confidence_interval":{"confidence_level":0.99,"lower_bound":-0.2985664440514891,"upper_bound":-0.2858471309000293},"point_estimate":-0.2922055452228398,"standard_error":0.002409547077957548},"median":{"confidence_interval":{"confidence_level":0.99,"lower_bound":-0.3002072537685711,"upper_bound":-0.2850715650015816},"point_estimate":-0.29391525706530786,"standard_error":0.002867634515147089}}