{"mean":{"confidence_interval":{"confidence_level":0.99,"lower_bound":-0.22535248283454212,"upper_bound":-0.21685638908101754},"point_estimate":-0.22136040409201796,"standard_error":0.001638865904151079},"median":{"confidence_interval":{"confidence_level":0.99,"lower_bound":-0.22606019511053188,"upper_bound":-0.22159501889731958},"point_estimate":-0.22391317112217657,"standard_error":0.0008867752297857521}}