{"mean":{"confidence_interval":{"confidence_level":0.99,"lower_bound":-0.05938854271838365,"upper_bound":-0.020485419161574536},"point_estimate":-0.04237393611884177,"standard_error":0.007653750110380981},"median":{"confidence_interval":{"confidence_level":0.99,"lower_bound":-0.06625687166625638,"upper_bound":-0.034491345056438916},"point_estimate":-0.044711188154542225,"standard_error":0.005824059935237223}}