{"mean":{"confidence_interval":{"confidence_level":0.99,"lower_bound":0.005620856532868579,"upper_bound":0.017018581452629647},"point_estimate":0.012687286067472048,"standard_error":0.0022504721295198583},"median":{"confidence_interval":{"confidence_level":0.99,"lower_bound":0.012288499233883643,"upper_bound":0.018533785623787935},"point_estimate":0.015073595748288593,"standard_error":0.0012588179484713728}}