{"mean":{"confidence_interval":{"confidence_level":0.99,"lower_bound":-0.003417701136673376,"upper_bound":0.030900000185465945},"point_estimate":0.013770928544238892,"standard_error":0.006672751134703579},"median":{"confidence_interval":{"confidence_level":0.99,"lower_bound":-0.00972214262632376,"upper_bound":0.030569341767300872},"point_estimate":0.003817865431263723,"standard_error":0.009427490516636114}}