{"mean":{"confidence_interval":{"confidence_level":0.99,"lower_bound":-0.05340885925703998,"upper_bound":-0.03745487933284996},"point_estimate":-0.04571201999332619,"standard_error":0.0030999927000542127},"median":{"confidence_interval":{"confidence_level":0.99,"lower_bound":-0.05251817588090422,"upper_bound":-0.04168863300352099},"point_estimate":-0.04846777385239798,"standard_error":0.0019169707898249024}}