{"mean":{"confidence_interval":{"confidence_level":0.99,"lower_bound":-0.036976244673982195,"upper_bound":-0.020451328869250468},"point_estimate":-0.027969467495339573,"standard_error":0.003196953870656268},"median":{"confidence_interval":{"confidence_level":0.99,"lower_bound":-0.039291258368945335,"upper_bound":-0.026111540359625134},"point_estimate":-0.03318557450131432,"standard_error":0.0023357779958462837}}