{"mean":{"confidence_interval":{"confidence_level":0.99,"lower_bound":-0.23387178731007904,"upper_bound":-0.2284027062983466},"point_estimate":-0.2312026218510841,"standard_error":0.0010609203577973698},"median":{"confidence_interval":{"confidence_level":0.99,"lower_bound":-0.23762453583415521,"upper_bound":-0.2255096054553484},"point_estimate":-0.2334471317053648,"standard_error":0.0023638306094648847}}