{"mean":{"confidence_interval":{"confidence_level":0.99,"lower_bound":-0.39718308389265833,"upper_bound":-0.38843375787587436},"point_estimate":-0.3932804860122039,"standard_error":0.0018331176168213544},"median":{"confidence_interval":{"confidence_level":0.99,"lower_bound":-0.3975820469434941,"upper_bound":-0.39524173567220167},"point_estimate":-0.3964082347956295,"standard_error":0.0004243570543485363}}