{"mean":{"confidence_interval":{"confidence_level":0.99,"lower_bound":-0.09558661148203387,"upper_bound":-0.055374535993676484},"point_estimate":-0.08205147378231115,"standard_error":0.008010339193468101},"median":{"confidence_interval":{"confidence_level":0.99,"lower_bound":-0.09531363446387653,"upper_bound":-0.08920630051058576},"point_estimate":-0.0921758214491627,"standard_error":0.0013406569004000403}}