{"mean":{"confidence_interval":{"confidence_level":0.99,"lower_bound":162273.12657260612,"upper_bound":164291.70688995055},"point_estimate":163211.4585753351,"standard_error":394.6856404564472},"median":{"confidence_interval":{"confidence_level":0.99,"lower_bound":161557.60869565216,"upper_bound":163971.82971014493},"point_estimate":162818.63705492934,"standard_error":453.8631804447062},"median_abs_dev":{"confidence_interval":{"confidence_level":0.99,"lower_bound":2636.9916661470197,"upper_bound":4396.4073842123635},"point_estimate":3681.258168180275,"standard_error":336.1568467882334},"slope":{"confidence_interval":{"confidence_level":0.99,"lower_bound":160920.3887916106,"upper_bound":162040.06389765252},"point_estimate":161464.93256489828,"standard_error":216.56768110305714},"std_dev":{"confidence_interval":{"confidence_level":0.99,"lower_bound":2679.62536894959,"upper_bound":5478.128656143789},"point_estimate":3946.6938236422034,"standard_error":582.7050403067998}}