{"mean":{"confidence_interval":{"confidence_level":0.99,"lower_bound":-0.18899246674542156,"upper_bound":-0.18073993785510517},"point_estimate":-0.18503783929164064,"standard_error":0.0015672397466942334},"median":{"confidence_interval":{"confidence_level":0.99,"lower_bound":-0.1898956378538118,"upper_bound":-0.181559864796201},"point_estimate":-0.18618506003598145,"standard_error":0.0014917249257151892}}