{"mean":{"confidence_interval":{"confidence_level":0.99,"lower_bound":-0.0702076403930269,"upper_bound":-0.036044887320196096},"point_estimate":-0.050093076741079656,"standard_error":0.006839537493042033},"median":{"confidence_interval":{"confidence_level":0.99,"lower_bound":-0.04098081137877241,"upper_bound":-0.03604764557243509},"point_estimate":-0.03857331393390995,"standard_error":0.0009679545325285484}}