{"mean":{"confidence_interval":{"confidence_level":0.99,"lower_bound":-0.2571831980816221,"upper_bound":-0.23776473772628534},"point_estimate":-0.25066768848869936,"standard_error":0.003392965899467905},"median":{"confidence_interval":{"confidence_level":0.99,"lower_bound":-0.25820193546833814,"upper_bound":-0.25228864484975067},"point_estimate":-0.25443676226461187,"standard_error":0.001167526933206758}}