{"mean":{"confidence_interval":{"confidence_level":0.99,"lower_bound":-0.08023368117868945,"upper_bound":-0.06980005607525594},"point_estimate":-0.07617661179565416,"standard_error":0.002016404366753683},"median":{"confidence_interval":{"confidence_level":0.99,"lower_bound":-0.08221276878864284,"upper_bound":-0.07505751393397453},"point_estimate":-0.07915906932535155,"standard_error":0.0013807345960692014}}