{"mean":{"confidence_interval":{"confidence_level":0.99,"lower_bound":10415.506710452573,"upper_bound":10485.812096202711},"point_estimate":10447.372732475797,"standard_error":13.5253985193432},"median":{"confidence_interval":{"confidence_level":0.99,"lower_bound":10397.003745318352,"upper_bound":10448.999502370289},"point_estimate":10421.622091124498,"standard_error":10.112032258452437},"median_abs_dev":{"confidence_interval":{"confidence_level":0.99,"lower_bound":59.48397985068132,"upper_bound":119.03849464030264},"point_estimate":88.43664747157544,"standard_error":11.359169514468219},"slope":{"confidence_interval":{"confidence_level":0.99,"lower_bound":10417.197282845196,"upper_bound":10493.60679781559},"point_estimate":10450.783840282402,"standard_error":15.024348571826819},"std_dev":{"confidence_interval":{"confidence_level":0.99,"lower_bound":81.93721914906232,"upper_bound":194.5532432429},"point_estimate":135.99928112258524,"standard_error":23.275939946695104}}