{"mean":{"confidence_interval":{"confidence_level":0.99,"lower_bound":-0.08455725735111252,"upper_bound":-0.07844320253043935},"point_estimate":-0.08151445694761883,"standard_error":0.0011953930238050425},"median":{"confidence_interval":{"confidence_level":0.99,"lower_bound":-0.0829312637457449,"upper_bound":-0.07831908101364171},"point_estimate":-0.08032224373490882,"standard_error":0.0010165469679123326}}