{"mean":{"confidence_interval":{"confidence_level":0.99,"lower_bound":-0.05042822899126629,"upper_bound":-0.0401171690167333},"point_estimate":-0.0455196876383549,"standard_error":0.0020109426553892103},"median":{"confidence_interval":{"confidence_level":0.99,"lower_bound":-0.05301611319745321,"upper_bound":-0.041535582294974324},"point_estimate":-0.04605214630329868,"standard_error":0.0021568363964738256}}