{"mean":{"confidence_interval":{"confidence_level":0.99,"lower_bound":-0.2521474388444745,"upper_bound":-0.23614965432954116},"point_estimate":-0.24385116349484115,"standard_error":0.003037966429846788},"median":{"confidence_interval":{"confidence_level":0.99,"lower_bound":-0.2463300494158118,"upper_bound":-0.23822137015794487},"point_estimate":-0.24289532676677472,"standard_error":0.0017177540164444265}}