{"mean":{"confidence_interval":{"confidence_level":0.99,"lower_bound":-0.4858258656715586,"upper_bound":-0.4393795817936453},"point_estimate":-0.46368495970732115,"standard_error":0.009042224974166874},"median":{"confidence_interval":{"confidence_level":0.99,"lower_bound":-0.5224433159952224,"upper_bound":-0.3526346121639551},"point_estimate":-0.516221036274007,"standard_error":0.06787467289752538}}