{"mean":{"confidence_interval":{"confidence_level":0.99,"lower_bound":-0.43939572112775577,"upper_bound":-0.4315510436702793},"point_estimate":-0.4350365877512046,"standard_error":0.001521248755387856},"median":{"confidence_interval":{"confidence_level":0.99,"lower_bound":-0.43434846078170286,"upper_bound":-0.43149285273906623},"point_estimate":-0.43275737597766006,"standard_error":0.000558073142987736}}